{"loss": [1.3063782453536987, 0.4290153384208679, 0.2548561096191406, 0.17788763344287872, 0.13293594121932983, 0.10361252725124359, 0.08447187393903732, 0.0677407830953598, 0.05885292589664459, 0.05418263375759125], "accuracy": [0.615861713886261, 0.8635891675949097, 0.9168930649757385, 0.9418308734893799, 0.9575787782669067, 0.9657158851623535, 0.9725158214569092, 0.9776939749717712, 0.9803400039672852, 0.9826303720474243], "val_loss": [0.551487922668457, 0.2878265380859375, 0.17587999999523163, 0.15326304733753204, 0.1827569454908371, 0.24773073196411133, 0.11209315061569214, 0.16075897216796875, 0.1371791809797287, 0.11446578055620193], "val_accuracy": [0.8258023858070374, 0.9087184071540833, 0.9454245567321777, 0.9526519179344177, 0.945538341999054, 0.926815390586853, 0.9683587551116943, 0.9537901282310486, 0.9625540375709534, 0.9667084217071533]}